{
    "$schema": "https://schema.management.azure.com/schemas/2015-01-01/deploymentParameters.json#",
    "contentVersion": "1.0.0.0",
    "parameters": {
        "extensions_gfs_config_storageAccountName": {
            "value": null
        },
        "extensions_gfs_config_storageAccountKey": {
            "value": null
        },
        "extensions_gfs_config_commandToExecute": {
            "value": null
        },
        "extensions_gfs_config_storageAccountName_1": {
            "value": null
        },
        "extensions_gfs_config_storageAccountKey_1": {
            "value": null
        },
        "extensions_gfs_config_commandToExecute_1": {
            "value": null
        },
        "extensions_gfs_config_storageAccountName_2": {
            "value": null
        },
        "extensions_gfs_config_storageAccountKey_2": {
            "value": null
        },
        "extensions_gfs_config_commandToExecute_2": {
            "value": null
        },
        "extensions_gfs_config_storageAccountName_3": {
            "value": null
        },
        "extensions_gfs_config_storageAccountKey_3": {
            "value": null
        },
        "extensions_gfs_config_commandToExecute_3": {
            "value": null
        },
        "loadBalancers_balancer_name": {
            "value": null
        },
        "networkInterfaces_nic0_name": {
            "value": null
        },
        "networkInterfaces_nic1_name": {
            "value": null
        },
        "networkInterfaces_nic2_name": {
            "value": null
        },
        "networkInterfaces_nic3_name": {
            "value": null
        },
        "publicIPAddresses_pip0_name": {
            "value": null
        },
        "publicIPAddresses_pip1_name": {
            "value": null
        },
        "publicIPAddresses_pip2_name": {
            "value": null
        },
        "publicIPAddresses_pip3_name": {
            "value": null
        },
        "storageAccounts_tarsot_name": {
            "value": null
        },
        "virtualMachines_tarsot0_name": {
            "value": null
        },
        "virtualMachines_tarsot1_name": {
            "value": null
        },
        "virtualMachines_tarsot2_name": {
            "value": null
        },
        "virtualMachines_tarsot3_name": {
            "value": null
        },
        "virtualNetworks_gfs_vnet_name": {
            "value": null
        },
        "activityLogAlerts_Balancer_metrics_name": {
            "value": null
        },
        "subnets_gfs_subnet_name": {
            "value": null
        },
        "extensions_gfs_config_name": {
            "value": null
        },
        "extensions_gfs_config_name_1": {
            "value": null
        },
        "extensions_gfs_config_name_2": {
            "value": null
        },
        "extensions_gfs_config_name_3": {
            "value": null
        },
        "inboundNatRules_rule_in_name": {
            "value": null
        },
        "virtualMachines_tarsot0_id": {
            "value": null
        },
        "virtualMachines_tarsot0_id_1": {
            "value": null
        },
        "virtualMachines_tarsot0_id_2": {
            "value": null
        },
        "virtualMachines_tarsot1_id": {
            "value": null
        },
        "virtualMachines_tarsot1_id_1": {
            "value": null
        },
        "virtualMachines_tarsot1_id_2": {
            "value": null
        },
        "virtualMachines_tarsot2_id": {
            "value": null
        },
        "virtualMachines_tarsot2_id_1": {
            "value": null
        },
        "virtualMachines_tarsot2_id_2": {
            "value": null
        },
        "virtualMachines_tarsot3_id": {
            "value": null
        },
        "virtualMachines_tarsot3_id_1": {
            "value": null
        },
        "virtualMachines_tarsot3_id_2": {
            "value": null
        },
        "activityLogAlerts_Balancer_metrics_actionGroupId": {
            "value": null
        },
        "loadBalancers_balancer_id": {
            "value": null
        },
        "loadBalancers_balancer_id_1": {
            "value": null
        },
        "loadBalancers_balancer_id_2": {
            "value": null
        },
        "loadBalancers_balancer_id_3": {
            "value": null
        }
    }
}