{
  "$schema": "https://schema.management.azure.com/schemas/2015-01-01/deploymentTemplate.json#",
  "contentVersion": "1.0.0.0",
  "parameters": {
    "hostOs": {
      "type": "string",
      "defaultValue": "Ubuntu",
      "allowedValues": [
        "Ubuntu"
      ],
      "metadata": {
        "description": "SO a instalar sobre el sistema anfitrión"
      }
    },
    "scaleNumber": {
      "type": "int",
      "defaultValue": 4,
      "allowedValues": [
        2,
        4,
        6,
        8,
        10,
        12
      ],
      "metadata": {
        "description": "Número de nodos en el GlusterFS"
      }
    },
    "adminUsername": {
      "type": "string",
      "metadata": {
        "description": "SSH user name"
      }
    },
    "adminPassword": {
      "type": "securestring",
      "metadata": {
        "description": "SSH password"
      }
    },
    "vmSize": {
      "type": "string",
      "defaultValue": "Standard_A1",
      "metadata": {
        "description": "Tamaño VM para los nodos"
      }
    },
    "diskSize": {
      "type": "int",
      "defaultValue": 1024,
      "allowedValues": [
        32,
        64,
        128,
        256,
        512,
        1024,
        2048,
        4095
      ],
      "metadata": {
        "description": "El tamaño de la base de datos. La capacidad total será ese tamaño multiplicado por el número de discos de datos que se especifique."
      }
    },
    "vmNamePrefix": {
      "type": "string",
      "defaultValue": "gluster",
      "metadata": {
        "description": "Prefijo de la VM, añadiendo un número para cada nodo."
      }
    },
    "vnetAddressPrefix": {
      "type": "string",
      "defaultValue": "10.0.0.0/16",
      "metadata": {
        "description": "Red virtual CIDR en la que se creará el cluster"
      }
    },
    "gfsSubnetName": {
      "type": "string",
      "defaultValue": "gfs-subnet",
      "metadata": {
        "description": "Nombre de la subred para los nodos Gluster."
      }
    },
    "gfsSubnetPrefix": {
      "type": "string",
      "defaultValue": "10.0.0.0/24",
      "metadata": {
        "description": "CIDR de la subred para los nodos Gluster."
      }
    },
    "volumeName": {
      "type": "string",
      "defaultValue": "gfsvol",
      "metadata": {
        "description": "Nombre del volumen del sistema de archivos Gluster."
      }
    },
    "location": {
      "type": "string",
      "defaultValue": "[resourceGroup().location]",
      "metadata": {
        "description": "Ubicación para todos los recursos."
      }
    },
    "_artifactsLocation": {
      "type": "string",
      "defaultValue": "https://raw.githubusercontent.com/Azure/azure-quickstart-templates/master/gluster-file-system/",
      "metadata": {
        "description": "La URI base donde se encuentran los recursos requeridos por esta plantilla. Cuando la plantilla se implementa, utilizando los scripts que la acompañan, se utilizará una ubicación privada en la suscripción y este valor se generará automáticamente.."
      }
    },
    "_artifactsLocationSasToken": {
      "type": "securestring",
      "metadata": {
        "description": "El sasToken requerido para acceder a _artifactsLocation.  Cuando la plantilla se implementa, utilizando los scripts que la acompañan, se generará automáticamente un sasToken."
      },
      "defaultValue": ""
    }
  },
  "variables": {
    "pipName": "pip",
    "nicName": "nic",
    "virtualNetworkName": "gfs-vnet",
    "gfsSubnetRef": "[resourceId('Microsoft.Network/virtualNetworks/subnets/', variables('virtualNetworkName'), parameters('gfsSubnetName'))]",
    "vmIPPrefix": "[concat(substring(parameters('gfsSubnetPrefix'), 0, add(indexOf(parameters('gfsSubnetPrefix'), '/'), -2)), '1')]",
    "imageReference": {
      "Ubuntu": {
        "publisher": "Canonical",
        "offer": "UbuntuServer",
        "sku": "14.04.5-LTS",
        "version": "latest"
      },
      "CentOS": {
        "publisher": "OpenLogic",
        "offer": "CentOS",
        "sku": "7.5",
        "version": "latest"
      }
    },
    "customScriptFilePath": "[uri(parameters('_artifactsLocation'), concat('azuregfs.sh', parameters('_artifactsLocationSasToken')))]",
    "customScriptCommandToExecute": "bash azuregfs.sh"
  },
  "resources": [
    {
      "apiVersion": "2018-04-01",
      "type": "Microsoft.Network/virtualNetworks",
      "name": "[variables('virtualNetworkName')]",
      "location": "[parameters('location')]",
      "properties": {
        "addressSpace": {
          "addressPrefixes": [
            "[parameters('vnetAddressPrefix')]"
          ]
        },
        "subnets": [
          {
            "name": "[parameters('gfsSubnetName')]",
            "properties": {
              "addressPrefix": "[parameters('gfsSubnetPrefix')]"
            }
          }
        ]
      }
    },
    {
      "apiVersion": "2018-04-01",
      "type": "Microsoft.Network/publicIPAddresses",
      "name": "[concat(variables('pipName'), copyIndex())]",
      "location": "[parameters('location')]",
      "copy": {
        "name": "pipLoop",
        "count": "[parameters('scaleNumber')]"
      },
      "properties": {
        "publicIPAllocationMethod": "Dynamic"
      }
    },
    {
      "apiVersion": "2018-04-01",
      "type": "Microsoft.Network/networkInterfaces",
      "name": "[concat(variables('nicName'), copyindex())]",
      "location": "[parameters('location')]",
      "copy": {
        "name": "nicLoop",
        "count": "[parameters('scaleNumber')]"
      },
      "dependsOn": [
        "[variables('virtualNetworkName')]",
        "pipLoop"
      ],
      "properties": {
        "ipConfigurations": [
          {
            "name": "ipconfig1",
            "properties": {
              "publicIPAddress": {
                "id": "[resourceId('Microsoft.Network/publicIPAddresses', concat(variables('pipName'), copyindex()))]"
              },
              "privateIPAllocationMethod": "Static",
              "privateIPAddress": "[concat(variables('vmIPPrefix'), copyindex())]",
              "subnet": {
                "id": "[variables('gfsSubnetRef')]"
              }
            }
          }
        ]
      }
    },
    {
      "apiVersion": "2018-04-01",
      "type": "Microsoft.Compute/virtualMachines",
      "name": "[concat(parameters('vmNamePrefix'), copyindex())]",
      "location": "[parameters('location')]",
      "copy": {
        "name": "vmLoop",
        "count": "[parameters('scaleNumber')]"
      },
      "dependsOn": [
        "nicLoop"
      ],
      "properties": {
        "hardwareProfile": {
          "vmSize": "[parameters('vmSize')]"
        },
        "osProfile": {
          "computerName": "[concat(parameters('vmNamePrefix'), copyIndex())]",
          "adminUsername": "[parameters('adminUsername')]",
          "adminPassword": "[parameters('adminPassword')]"
        },
        "storageProfile": {
          "imageReference": "[variables('imageReference')[parameters('hostOS')]]",
            "osDisk": {
            "name": "[concat(parameters('vmNamePrefix'), copyIndex(), '_OSDisk')]",
            "caching": "ReadWrite",
            "createOption": "FromImage",
            "managedDisk": {
                "storageAccountType": "Standard_LRS"
            }
        },
        
          "dataDisks": [
            {
              "name": "[concat(parameters('vmNamePrefix'), copyIndex(), '_DataDisk1')]",
              "diskSizeGB": "[parameters('diskSize')]",
              "lun": 0,
              "createOption": "Empty"
            },
            {
              "name": "[concat(parameters('vmNamePrefix'), copyIndex(), '_DataDisk2')]",
              "diskSizeGB": "[parameters('diskSize')]",
              "lun": 1,
              "createOption": "Empty"
            }
          ]
        },
        "networkProfile": {
          "networkInterfaces": [
            {
              "id": "[resourceId('Microsoft.Network/networkInterfaces', concat(variables('nicName'), copyindex()))]"
            }
          ]
        }
      },
      "resources": [
        {
          "type": "extensions",
          "name": "gfs-config",
          "apiVersion": "2018-04-01",
          "location": "[parameters('location')]",
          "dependsOn": [
            "[concat(parameters('vmNamePrefix'), copyindex())]"
          ],
          "properties": {
            "publisher": "Microsoft.Azure.Extensions",
            "type": "CustomScript",
            "typeHandlerVersion": "2.0",
            "autoUpgradeMinorVersion": true,
            "settings": {
              "fileUris": [
                "[variables('customScriptFilePath')]"
              ],
              "commandToExecute": "[concat(variables('customScriptCommandToExecute'), ' ', parameters('vmNamePrefix'), ' ', variables('vmIPPrefix'), ' ', parameters('volumeName'), ' ', copyindex(), ' ', parameters('scaleNumber'))]"
            }
          }
        }
      ]
    }
  ]
}
